1,the
2,be
3,and
4,of
5,a
6,in
7,to
8,have
9,I
10,it
11,to
12,that
13,for
14,you
15,he
16,with
17,do
18,on
19,say
20,this
21,they
22,we
23,his
24,but
25,at
26,that
27,not
28,from
29,n't
30,by
31,she
32,or
33,as
34,what
35,go
36,their
37,can
38,who
39,get
40,her
41,if
42,would
43,my
44,know
45,all
46,about
47,make
48,as
49,will
50,up
51,there
52,think
53,year
54,one
55,time
56,so
57,me
58,people
59,which
60,when
61,out
62,them
63,just
64,him
65,some
66,take
67,into
68,see
69,your
70,come
71,could
72,now
73,than
74,like
75,other
76,then
77,its
78,how
79,our
80,more
81,want
82,these
83,two
84,look
85,way
86,also
87,first
88,because
89,new
90,day
91,use
92,more
93,here
94,well
95,man
96,no
97,thing
98,her
99,find
100,very
101,tell
102,many
103,give
104,only
105,those
106,one
107,back
108,even
109,good
110,us
111,any
112,woman
113,through
114,child
115,there
116,life
117,down
118,may
119,work
120,after
121,should
122,call
123,school
124,world
125,over
126,still
127,try
128,last
129,in
130,ask
131,as
132,too
133,need
134,feel
135,state
136,when
137,three
138,between
139,really
140,never
141,become
142,high
143,student
144,something
145,most
146,much
147,family
148,out
149,mean
150,another
151,leave
152,own
153,let
154,put
155,on
156,old
157,why
158,while
159,keep
160,group
161,talk
162,big
163,hand
164,great
165,country
166,same
167,turn
168,seem
169,begin
170,problem
171,help
172,start
173,where
174,every
175,might
176,about
177,over
178,show
179,part
180,such
181,again
182,right
183,against
184,company
185,place
186,case
187,system
188,week
189,few
190,most
191,each
192,hear
193,program
194,where
195,question
196,so
197,government
198,during
199,Mr
200,play
201,work
202,run
203,number
204,small
205,night
206,off
207,today
208,happen
209,like
210,always
211,move
212,believe
213,point
214,hold
215,all
216,million
217,next
218,live
219,large
220,bring
221,study
222,before
223,room
224,without
225,must
226,home
227,lot
228,mother
229,eye
230,water
231,national
232,area
233,money
234,under
235,fact
236,story
237,right
238,month
239,different
240,write
241,head
242,young
243,yes
244,issue
245,kind
246,job
247,business
248,book
249,word
250,side
251,though
252,provide
253,black
254,four
255,little
256,house
257,long
258,far
259,sit
260,both
261,game
262,service
263,father
264,away
265,political
266,important
267,around
268,friend
269,after
270,however
271,long
272,power
273,since
274,stand
275,until
276,often
277,hour
278,among
279,line
280,ever
281,yet
282,bad
283,member
284,president
285,end
286,lose
287,law
288,car
289,include
290,pay
291,community
292,social
293,city
294,team
295,meet
296,almost
297,set
298,information
299,face
300,name
301,white
302,nothing
303,minute
304,later
305,kid
306,right
307,once
308,continue
309,much
310,five
311,ago
312,body
313,back
314,door
315,watch
316,best
317,learn
318,real
319,several
320,least
321,change
322,around
323,lead
324,idea
325,whether
326,level
327,stop
328,understand
329,anything
330,public
331,parent
332,follow
333,create
334,together
335,such
336,art
337,add
338,war
339,health
340,only
341,speak
342,result
343,sure
344,teacher
345,others
346,already
347,history
348,allow
349,research
350,office
351,within
352,spend
353,read
354,morning
355,walk
356,education
357,person
358,party
359,change
360,open
361,win
362,girl
363,guy
364,grow
365,moment
366,himself
367,low
368,maybe
369,early
370,force
371,although
372,food
373,policy
374,before
375,boy
376,process
377,foot
378,remember
379,reason
380,offer
381,both
382,toward
383,air
384,enough
385,across
386,actually
387,off
388,love
389,including
390,second
391,oh
392,everything
393,age
394,yeah
395,able
396,music
397,wait
398,consider
399,human
400,buy
401,appear
402,market
403,probably
404,serve
405,die
406,experience
407,home
408,nation
409,college
410,stay
411,fall
412,build
413,interest
414,send
415,use
416,course
417,cut
418,sense
419,plan
420,someone
421,expect
422,effect
423,behind
424,death
425,local
426,kill
427,suggest
428,reach
429,development
430,class
431,remain
432,six
433,economic
434,control
435,voice
436,require
437,former
438,care
439,little
440,role
441,thank
442,report
443,else
444,sell
445,major
446,light
447,field
448,pull
449,rate
450,perhaps
451,raise
452,show
453,hard
454,effort
455,late
456,drug
457,pass
458,police
459,up
460,leader
461,themselves
462,military
463,possible
464,along
465,arm
466,sometimes
467,develop
468,relationship
469,heart
470,price
471,decide
472,better
473,according
474,whole
475,season
476,strong
477,wife
478,report
479,model
480,value
481,less
482,difference
483,mind
484,decision
485,free
486,finally
487,federal
488,return
489,international
490,hope
491,player
492,view
493,society
494,road
495,son
496,explain
497,tax
498,join
499,drive
500,receive
501,action
502,town
503,director
504,carry
505,break
506,true
507,even
508,official
509,form
510,building
511,better
512,activity
513,wear
514,full
515,record
516,pick
517,position
518,because
519,agree
520,data
521,support
522,especially
523,site
524,base
525,early
526,event
527,project
528,space
529,paper
530,special
531,table
532,whose
533,need
534,couple
535,figure
536,ground
537,center
538,everyone
539,oil
540,produce
541,court
542,hit
543,matter
544,practice
545,star
546,cost
547,eat
548,end
549,American
550,industry
551,teach
552,situation
553,patient
554,image
555,street
556,Republican
557,easy
558,phone
559,wall
560,describe
561,itself
562,half
563,product
564,recent
565,news
566,quite
567,worker
568,test
569,land
570,technology
571,hair
572,either
573,face
574,doctor
575,support
576,cover
577,movie
578,picture
579,piece
580,clear
581,type
582,window
583,catch
584,north
585,personal
586,baby
587,love
588,computer
589,organization
590,certain
591,open
592,culture
593,third
594,source
595,film
596,simply
597,tree
598,step
599,red
600,look
601,century
602,evidence
603,attention
604,billion
605,draw
606,listen
607,nearly
608,period
609,cause
610,choose
611,campaign
612,energy
613,course
614,difficult
615,condition
616,plant
617,brother
618,available
619,soon
620,likely
621,population
622,point
623,term
624,Congress
625,chance
626,behavior
627,summer
628,floor
629,material
630,opportunity
631,less
632,administration
633,realize
634,subject
635,hundred
636,current
637,well
638,rule
639,economy
640,place
641,close
642,south
643,choice
644,short
645,increase
646,risk
647,daughter
648,letter
649,bed
650,husband
651,single
652,performance
653,certainly
654,myself
655,defense
656,call
657,involve
658,church
659,per
660,medical
661,fire
662,sport
663,bank
664,wrong
665,significant
666,security
667,represent
668,goal
669,hospital
670,seek
671,board
672,thousand
673,author
674,anyone
675,west
676,future
677,nature
678,throw
679,top
680,officer
681,factor
682,foreign
683,deal
684,private
685,focus
686,thus
687,upon
688,reduce
689,note
690,color
691,agency
692,fill
693,fight
694,sound
695,rest
696,past
697,order
698,quickly
699,drop
700,blood
701,response
702,movement
703,store
704,push
705,second
706,recently
707,common
708,page
709,similar
710,plan
711,language
712,than
713,before
714,natural
715,concern
716,fine
717,dead
718,article
719,near
720,race
721,PM
722,individual
723,ok
724,no
725,hot
726,series
727,enter
728,other
729,artist
730,stock
731,share
732,approach
733,fund
734,analysis
735,poor
736,decade
737,each
738,cup
739,rise
740,identify
741,usually
742,resource
743,treatment
744,indicate
745,animal
746,shoot
747,east
748,herself
749,occur
750,exactly
751,central
752,dog
753,quality
754,determine
755,career
756,save
757,seven
758,away
759,size
760,media
761,happy
762,lie
763,despite
764,thought
765,ability
766,physical
767,election
768,scene
769,disease
770,environmental
771,everybody
772,argue
773,region
774,growth
775,attack
776,wonder
777,eight
778,ready
779,hard
780,pressure
781,beyond
782,list
783,protect
784,degree
785,simple
786,success
787,left
788,skill
789,pretty
790,knowledge
791,particularly
792,serious
793,whatever
794,staff
795,sign
796,recognize
797,training
798,answer
799,accept
800,amount
801,meeting
802,standard
803,section
804,loss
805,trade
806,glass
807,television
808,box
809,present
810,general
811,character
812,TV
813,lay
814,prepare
815,strategy
816,bill
817,deal
818,design
819,benefit
820,laugh
821,sister
822,compare
823,guess
824,crime
825,state
826,forward
827,lawyer
828,environment
829,financial
830,answer
831,blue
832,dark
833,tonight
834,message
835,fail
836,leg
837,arrive
838,name
839,feeling
840,executive
841,authority
842,gun
843,democratic
844,operation
845,example
846,sort
847,Democrat
848,discuss
849,ten
850,various
851,hang
852,outside
853,professor
854,miss
855,religious
856,stage
857,station
858,manager
859,indeed
860,design
861,establish
862,clearly
863,check
864,science
865,public
866,cultural
867,act
868,one
869,since
870,forget
871,theory
872,little
873,song
874,sound
875,rock
876,shake
877,truth
878,network
879,set
880,management
881,no
882,rather
883,force
884,study
885,cell
886,legal
887,nice
888,note
889,firm
890,remove
891,green
892,cold
893,form
894,trial
895,seat
896,enough
897,prove
898,claim
899,above
900,spring
901,enjoy
902,entire
903,measure
904,expert
905,impact
906,help
907,main
908,traditional
909,structure
910,card
911,final
912,close
913,onto
914,memory
915,ball
916,maintain
917,imagine
918,yourself
919,suddenly
920,that
921,talk
922,chair
923,candidate
924,weapon
925,radio
926,finish
927,care
928,visit
929,statement
930,avoid
931,shoulder
932,close
933,employee
934,method
935,reveal
936,huge
937,contain
938,popular
939,specific
940,apply
941,charge
942,individual
943,particular
944,peace
945,institution
946,respond
947,production
948,weight
949,bit
950,control
951,politics
952,perform
953,play
954,head
955,somebody
956,interview
957,rather
958,affect
959,fish
960,top
961,smile
962,participant
963,fly
964,pain
965,range
966,direction
967,wide
968,camera
969,base
970,unit
971,edge
972,style
973,evening
974,inside
975,finger
976,necessary
977,coach
978,adult
979,reflect
980,conference
981,commercial
982,Mrs
983,manage
984,discover
985,trip
986,middle
987,pattern
988,challenge
989,heat
990,break
991,item
992,treat
993,improve
994,worry
995,mouth
996,stuff
997,throughout
998,deep
999,purpose
1000,beautiful
1001,property
1002,bag
1003,far
1004,best
1005,skin
1006,bar
1007,mention
1008,address
1009,ahead
1010,writer
1011,trouble
1012,hotel
1013,down
1014,discussion
1015,dream
1016,tough
1017,past
1018,soldier
1019,sea
1020,owner
1021,vote
1022,sign
1023,cancer
1024,surface
1025,step
1026,exist
1027,kitchen
1028,positive
1029,score
1030,stare
1031,painting
1032,yard
1033,task
1034,magazine
1035,budget
1036,heavy
1037,relate
1038,instead
1039,notice
1040,fear
1041,cause
1042,fall
1043,investment
1044,garden
1045,total
1046,detail
1047,test
1048,sing
1049,marriage
1050,violence
1051,collection
1052,machine
1053,reality
1054,modern
1055,generation
1056,tend
1057,beat
1058,agent
1059,gas
1060,agreement
1061,consumer
1062,attorney
1063,whom
1064,civil
1065,scientist
1066,partner
1067,wish
1068,newspaper
1069,shot
1070,interesting
1071,capital
1072,western
1073,front
1074,nor
1075,debate
1076,dinner
1077,responsibility
1078,threat
1079,relation
1080,victim
1081,Senate
1082,account
1083,majority
1084,absolutely
1085,senior
1086,safe
1087,wind
1088,prevent
1089,citizen
1090,global
1091,professional
1092,instead
1093,audience
1094,Soviet
1095,figure
1096,reform
1097,key
1098,troop
1099,customer
1100,fresh
1101,assume
1102,concept
1103,rich
1104,restaurant
1105,effective
1106,therefore
1107,examine
1108,critical
1109,species
1110,travel
1111,like
1112,speech
1113,corner
1114,fast
1115,judge
1116,successful
1117,attitude
1118,option
1119,forest
1120,none
1121,born
1122,southern
1123,access
1124,video
1125,vote
1126,mission
1127,achieve
1128,admit
1129,sky
1130,publish
1131,object
1132,no
1133,alone
1134,cost
1135,income
1136,conduct
1137,bird
1138,sleep
1139,basic
1140,researcher
1141,touch
1142,conflict
1143,please
1144,neighborhood
1145,suffer
1146,credit
1147,own
1148,African
1149,eventually
1150,opinion
1151,version
1152,AM
1153,hurt
1154,recall
1155,labor
1156,scale
1157,original
1158,concerned
1159,refer
1160,release
1161,nobody
1162,sorry
1163,nuclear
1164,variety
1165,safety
1166,freedom
1167,act
1168,directly
1169,client
1170,experience
1171,define
1172,plane
1173,investigation
1174,track
1175,status
1176,perfect
1177,involved
1178,press
1179,slowly
1180,argument
1181,attend
1182,encourage
1183,feature
1184,announce
1185,weekend
1186,strike
1187,afternoon
1188,generally
1189,powerful
1190,immediately
1191,element
1192,conversation
1193,hope
1194,university
1195,nine
1196,turn
1197,spirit
1198,British
1199,insurance
1200,crisis
1201,fan
1202,brain
1203,complete
1204,survey
1205,replace
1206,camp
1207,sun
1208,ship
1209,by
1210,completely
1211,stone
1212,along
1213,possibility
1214,sample
1215,dozen
1216,vision
1217,Chinese
1218,park
1219,text
1220,hole
1221,stick
1222,department
1223,once
1224,lack
1225,sales
1226,tradition
1227,bit
1228,front
1229,boat
1230,drink
1231,solution
1232,battle
1233,attempt
1234,beginning
1235,through
1236,resident
1237,very
1238,wood
1239,easily
1240,ice
1241,driver
1242,spot
1243,Ms
1244,roll
1245,communication
1246,truck
1247,future
1248,date
1249,European
1250,reader
1251,distance
1252,introduce
1253,district
1254,run
1255,mountain
1256,understanding
1257,obviously
1258,potential
1259,normal
1260,increase
1261,winter
1262,identity
1263,hide
1264,return
1265,independent
1266,apartment
1267,supposed
1268,terms
1269,horse
1270,express
1271,contract
1272,club
1273,screen
1274,share
1275,village
1276,observe
1277,gold
1278,Christian
1279,inside
1280,gain
1281,present
1282,handle
1283,presence
1284,crowd
1285,demand
1286,previous
1287,ride
1288,reporter
1289,associate
1290,shape
1291,basis
1292,farm
1293,tool
1294,prison
1295,middle
1296,refuse
1297,guard
1298,facility
1299,tomorrow
1300,contribute
1301,leadership
1302,principle
1303,pound
1304,target
1305,technique
1306,bright
1307,additional
1308,strength
1309,band
1310,tiny
1311,light
1312,average
1313,cry
1314,promote
1315,willing
1316,ear
1317,while
1318,earn
1319,highly
1320,flight
1321,result
1322,emerge
1323,kind
1324,wild
1325,aspect
1326,document
1327,vehicle
1328,lift
1329,operate
1330,advantage
1331,protection
1332,guest
1333,title
1334,demonstrate
1335,deliver
1336,interested
1337,context
1338,quick
1339,procedure
1340,mean
1341,collect
1342,limit
1343,learning
1344,river
1345,belief
1346,count
1347,settle
1348,block
1349,competition
1350,living
1351,marry
1352,faith
1353,anybody
1354,folk
1355,smile
1356,border
1357,lesson
1358,measure
1359,claim
1360,warm
1361,shop
1362,chairman
1363,baseball
1364,jump
1365,feed
1366,annual
1367,influence
1368,path
1369,murder
1370,coffee
1371,perspective
1372,past
1373,finding
1374,critic
1375,failure
1376,religion
1377,academic
1378,engage
1379,mostly
1380,anyway
1381,review
1382,Christmas
1383,native
1384,equipment
1385,function
1386,soft
1387,female
1388,order
1389,egg
1390,unless
1391,fit
1392,voter
1393,youth
1394,speed
1395,editor
1396,afraid
1397,cook
1398,comment
1399,worth
1400,survive
1401,gather
1402,hey
1403,French
1404,responsible
1405,intelligence
1406,classroom
1407,cross
1408,wonderful
1409,approach
1410,affair
1411,nod
1412,spread
1413,historical
1414,view
1415,blow
1416,regular
1417,category
1418,insist
1419,broad
1420,grade
1421,quarter
1422,construction
1423,Indian
1424,search
1425,suit
1426,gift
1427,clothes
1428,ignore
1429,until
1430,Internet
1431,moral
1432,grab
1433,shoe
1434,commit
1435,background
1436,lean
1437,slightly
1438,growing
1439,negative
1440,wave
1441,focus
1442,reaction
1443,below
1444,quiet
1445,move
1446,committee
1447,wine
1448,deny
1449,dress
1450,burn
1451,following
1452,threaten
1453,combine
1454,average
1455,connection
1456,apparently
1457,active
1458,participate
1459,relatively
1460,location
1461,chief
1462,twice
1463,charge
1464,victory
1465,United
1466,drive
1467,assessment
1468,bone
1469,cool
1470,literature
1471,appropriate
1472,yesterday
1473,destroy
1474,mistake
1475,primary
1476,democracy
1477,healthy
1478,direct
1479,extend
1480,exercise
1481,knee
1482,bus
1483,tour
1484,application
1485,tape
1486,promise
1487,next
1488,neck
1489,complete
1490,flower
1491,remind
1492,medicine
1493,aware
1494,neighbor
1495,photo
1496,Iraqi
1497,key
1498,lady
1499,depend
1500,fire
1501,justice
1502,cut
1503,tall
1504,pair
1505,educational
1506,football
1507,lip
1508,welcome
1509,contact
1510,demand
1511,instruction
1512,daily
1513,dangerous
1514,eastern
1515,hire
1516,fair
1517,visit
1518,writing
1519,importance
1520,hate
1521,supply
1522,device
1523,male
1524,actor
1525,fat
1526,fully
1527,exchange
1528,shut
1529,studio
1530,expression
1531,circle
1532,press
1533,salt
1534,breath
1535,bottom
1536,progress
1537,famous
1538,plate
1539,plastic
1540,obtain
1541,abuse
1542,familiar
1543,birth
1544,chicken
1545,theater
1546,tie
1547,front
1548,teaching
1549,colleague
1550,climb
1551,will
1552,clean
1553,domestic
1554,island
1555,sugar
1556,okay
1557,alive
1558,damage
1559,rain
1560,jury
1561,start
1562,meaning
1563,presidential
1564,leaf
1565,paint
1566,session
1567,poll
1568,extra
1569,desire
1570,train
1571,attack
1572,software
1573,injury
1574,fuel
1575,army
1576,reading
1577,Supreme
1578,ticket
1579,urban
1580,athlete
1581,above
1582,sweet
1583,instrument
1584,dry
1585,otherwise
1586,northern
1587,complex
1588,lots
1589,strange
1590,explore
1591,Russian
1592,scientific
1593,map
1594,mental
1595,corporate
1596,engine
1597,pocket
1598,planet
1599,intend
1600,increasingly
1601,somewhere
1602,desk
1603,mom
1604,expand
1605,disappear
1606,empty
1607,pool
1608,metal
1609,consequence
1610,lead
1611,direct
1612,respect
1613,basically
1614,danger
1615,fourth
1616,lunch
1617,fight
1618,thin
1619,regional
1620,minority
1621,favorite
1622,commitment
1623,temperature
1624,alone
1625,thanks
1626,conclusion
1627,trail
1628,farmer
1629,predict
1630,straight
1631,adopt
1632,sight
1633,variable
1634,carefully
1635,proposal
1636,shadow
1637,emotional
1638,attempt
1639,works
1640,outcome
1641,soul
1642,county
1643,greatest
1644,analyst
1645,aid
1646,ethnic
1647,repeat
1648,enemy
1649,weather
1650,storm
1651,panel
1652,chest
1653,theme
1654,regulation
1655,e-mail
1656,yellow
1657,revenue
1658,investor
1659,fruit
1660,male
1661,novel
1662,surround
1663,organize
1664,union
1665,breast
1666,married
1667,loan
1668,cover
1669,difficulty
1670,surprise
1671,somehow
1672,conclude
1673,balance
1674,impossible
1675,generate
1676,bear
1677,gender
1678,invite
1679,connect
1680,largely
1681,component
1682,prime
1683,significantly
1684,half
1685,internal
1686,human
1687,photograph
1688,code
1689,setting
1690,acknowledge
1691,advice
1692,record
1693,nose
1694,thick
1695,muscle
1696,trend
1697,ring
1698,belong
1699,locate
1700,content
1701,stress
1702,notion
1703,Japanese
1704,dance
1705,anymore
1706,train
1707,profit
1708,extent
1709,like
1710,museum
1711,limit
1712,recommend
1713,expensive
1714,being
1715,propose
1716,feature
1717,package
1718,thinking
1719,currently
1720,select
1721,contrast
1722,bottle
1723,hearing
1724,meal
1725,outside
1726,ought
1727,under
1728,bridge
1729,visitor
1730,shirt
1731,angry
1732,influence
1733,unique
1734,deep
1735,struggle
1736,dress
1737,earth
1738,cash
1739,ensure
1740,link
1741,fear
1742,wake
1743,shift
1744,actual
1745,traffic
1746,crew
1747,mark
1748,slip
1749,last
1750,brown
1751,silence
1752,appearance
1753,due
1754,cat
1755,capacity
1756,comfortable
1757,regime
1758,perception
1759,ad
1760,beauty
1761,obvious
1762,intervention
1763,capture
1764,snow
1765,golf
1766,accident
1767,but
1768,basketball
1769,possibly
1770,prefer
1771,search
1772,standard
1773,soil
1774,contribution
1775,sick
1776,airport
1777,Catholic
1778,long-term
1779,file
1780,appreciate
1781,governor
1782,emergency
1783,sheet
1784,root
1785,percentage
1786,launch
1787,hardly
1788,user
1789,estate
1790,bowl
1791,guide
1792,mix
1793,topic
1794,correct
1795,truly
1796,declare
1797,matter
1798,tooth
1799,defend
1800,challenge
1801,frequently
1802,estimate
1803,zone
1804,chief
1805,rating
1806,slow
1807,funny
1808,score
1809,ultimately
1810,bedroom
1811,politician
1812,requirement
1813,crazy
1814,judge
1815,extremely
1816,circumstance
1817,steal
1818,meat
1819,fee
1820,hall
1821,English
1822,pepper
1823,duty
1824,Jewish
1825,pilot
1826,stir
1827,landscape
1828,dad
1829,pursue
1830,surgery
1831,investigate
1832,faculty
1833,neither
1834,just
1835,German
1836,kick
1837,mirror
1838,range
1839,combination
1840,frame
1841,manner
1842,warn
1843,equal
1844,beside
1845,ourselves
1846,part
1847,bond
1848,golden
1849,opposition
1850,tear
1851,ancient
1852,blame
1853,mean
1854,conservative
1855,eliminate
1856,division
1857,league
1858,late
1859,typical
1860,chain
1861,producer
1862,his
1863,motion
1864,branch
1865,official
1866,length
1867,characteristic
1868,rely
1869,expectation
1870,except
1871,welfare
1872,address
1873,appeal
1874,reference
1875,forth
1876,coverage
1877,row
1878,multiple
1879,debt
1880,meanwhile
1881,solve
1882,relief
1883,trust
1884,ocean
1885,file
1886,industrial
1887,gray
1888,account
1889,host
1890,nurse
1891,smart
1892,vegetable
1893,fix
1894,beer
1895,confirm
1896,judgment
1897,telephone
1898,issue
1899,pour
1900,contemporary
1901,long
1902,assess
1903,winner
1904,cloud
1905,back
1906,era
1907,attract
1908,curriculum
1909,tank
1910,minister
1911,interaction
1912,used
1913,now
1914,secret
1915,sector
1916,complain
1917,pleasure
1918,seed
1919,entirely
1920,waste
1921,separate
1922,aside
1923,beneath
1924,afford
1925,overall
1926,essential
1927,wing
1928,initial
1929,struggle
1930,stretch
1931,clear
1932,cite
1933,achievement
1934,volume
1935,fun
1936,increased
1937,rare
1938,improvement
1939,anywhere
1940,confidence
1941,emphasize
1942,female
1943,abortion
1944,resolution
1945,witness
1946,rest
1947,employ
1948,stand
1949,hi
1950,dish
1951,master
1952,specifically
1953,tip
1954,except
1955,surprised
1956,somewhat
1957,clean
1958,check
1959,totally
1960,English
1961,rural
1962,terrible
1963,travel
1964,grant
1965,tired
1966,core
1967,rush
1968,doubt
1969,barely
1970,limited
1971,busy
1972,oppose
1973,fashion
1974,flow
1975,beach
1976,household
1977,cream
1978,black
1979,experiment
1980,criminal
1981,cheap
1982,below
1983,hero
1984,divide
1985,necessarily
1986,seriously
1987,route
1988,towards
1989,holiday
1990,wheel
1991,bomb
1992,cable
1993,dance
1994,typically
1995,separate
1996,copy
1997,hand
1998,liberal
1999,drink
2000,fewer
2001,lack
2002,definitely
2003,useful
2004,hat
2005,upper
2006,aim
2007,representative
2008,grass
2009,hill
2010,everywhere
2011,mass
2012,fishing
2013,merely
2014,invest
2015,opening
2016,decline
2017,rise
2018,noise
2019,gate
2020,engineer
2021,Israeli
2022,tone
2023,legislation
2024,question
2025,secretary
2026,careful
2027,sleep
2028,incident
2029,apart
2030,proud
2031,narrow
2032,vast
2033,milk
2034,match
2035,tie
2036,accuse
2037,association
2038,sir
2039,explanation
2040,physician
2041,solid
2042,reject
2043,ride
2044,addition
2045,immigrant
2046,creative
2047,guilty
2048,technical
2049,expose
2050,massive
2051,campus
2052,potential
2053,observation
2054,definition
2055,twenty
2056,enormous
2057,unfortunately
2058,scholar
2059,talent
2060,plenty
2061,acquire
2062,gay
2063,virtually
2064,succeed
2065,celebrate
2066,cheese
2067,taste
2068,height
2069,sharp
2070,land
2071,assistance
2072,mind
2073,live
2074,behind
2075,promise
2076,scream
2077,first
2078,approve
2079,visual
2080,bike
2081,secret
2082,compete
2083,prosecutor
2084,illegal
2085,either
2086,shout
2087,closely
2088,regarding
2089,lower
2090,plus
2091,alternative
2092,escape
2093,climate
2094,participation
2095,perceive
2096,airline
2097,cast
2098,sentence
2099,cigarette
2100,knock
2101,spiritual
2102,wrap
2103,criticism
2104,proper
2105,primarily
2106,list
2107,unusual
2108,asset
2109,depression
2110,creation
2111,convince
2112,personality
2113,passenger
2114,diet
2115,fun
2116,musical
2117,review
2118,forever
2119,regard
2120,dark
2121,journalist
2122,signal
2123,living
2124,column
2125,comparison
2126,display
2127,slide
2128,graduate
2129,silent
2130,outside
2131,green
2132,permit
2133,Arab
2134,self
2135,selection
2136,payment
2137,honor
2138,bread
2139,drag
2140,existing
2141,consist
2142,weak
2143,offer
2144,hello
2145,universe
2146,priority
2147,suppose
2148,lucky
2149,roof
2150,lab
2151,agenda
2152,initiative
2153,planning
2154,description
2155,housing
2156,tea
2157,therapy
2158,consistent
2159,library
2160,wash
2161,reply
2162,prayer
2163,enable
2164,bend
2165,funding
2166,expense
2167,childhood
2168,layer
2169,request
2170,factory
2171,dramatic
2172,cop
2173,gap
2174,evaluation
2175,warning
2176,arrest
2177,suspect
2178,settlement
2179,sad
2180,moreover
2181,chip
2182,kiss
2183,implement
2184,excellent
2185,formal
2186,purchase
2187,emotion
2188,transition
2189,phase
2190,coat
2191,championship
2192,glance
2193,far
2194,vs
2195,widely
2196,shall
2197,remaining
2198,schedule
2199,steel
2200,error
2201,exposure
2202,mark
2203,existence
2204,mass
2205,saving
2206,coach
2207,substance
2208,sauce
2209,unable
2210,symptom
2211,alcohol
2212,bother
2213,album
2214,reduction
2215,deeply
2216,online
2217,lake
2218,territory
2219,wedding
2220,gain
2221,transform
2222,breathe
2223,tablespoon
2224,opponent
2225,mine
2226,knife
2227,recover
2228,evaluate
2229,cycle
2230,re
2231,brief
2232,teaspoon
2233,hit
2234,violent
2235,philosophy
2236,manufacturer
2237,link
2238,later
2239,inform
2240,coalition
2241,passage
2242,fairly
2243,post
2244,jacket
2245,racial
2246,interview
2247,resistance
2248,discipline
2249,immediate
2250,negotiation
2251,portion
2252,leading
2253,grand
2254,sand
2255,desert
2256,involvement
2257,print
2258,slow
2259,walk
2260,lock
2261,tension
2262,interpretation
2263,pass
2264,analyze
2265,display
2266,tear
2267,potato
2268,whole
2269,glad
2270,opposite
2271,release
2272,preserve
2273,Mexican
2274,Spanish
2275,dust
2276,educator
2277,joint
2278,benefit
2279,quote
2280,pot
2281,stream
2282,enhance
2283,numerous
2284,juice
2285,whisper
2286,gene
2287,contact
2288,discovery
2289,sale
2290,elect
2291,emphasis
2292,abandon
2293,rule
2294,atmosphere
2295,practical
2296,joke
2297,foundation
2298,present
2299,resolve
2300,good
2301,independence
2302,marketing
2303,arrange
2304,investigator
2305,psychological
2306,distribution
2307,double
2308,pose
2309,smell
2310,fundamental
2311,approximately
2312,trust
2313,pack
2314,missile
2315,suicide
2316,amazing
2317,shift
2318,objective
2319,previously
2320,illustrate
2321,respondent
2322,enforcement
2323,digital
2324,iron
2325,boot
2326,Indian
2327,essentially
2328,deficit
2329,tale
2330,bean
2331,retire
2332,parking
2333,spending
2334,dimension
2335,volunteer
2336,vary
2337,deserve
2338,touch
2339,competitive
2340,congressional
2341,rarely
2342,urge
2343,poverty
2344,priest
2345,increasing
2346,elsewhere
2347,impose
2348,Asian
2349,tomato
2350,mixture
2351,sure
2352,engineering
2353,creature
2354,employer
2355,fat
2356,occasion
2357,implication
2358,disorder
2359,butter
2360,ordinary
2361,inspire
2362,dominate
2363,exercise
2364,ring
2365,peer
2366,illness
2367,bathroom
2368,light
2369,visible
2370,transfer
2371,disaster
2372,throat
2373,cap
2374,gentleman
2375,advance
2376,entry
2377,passion
2378,trade
2379,entertainment
2380,twin
2381,severe
2382,symbol
2383,for
2384,boss
2385,maker
2386,toss
2387,adjust
2388,total
2389,attach
2390,shock
2391,complaint
2392,round
2393,immigration
2394,prospect
2395,transportation
2396,habit
2397,monitor
2398,convention
2399,whenever
2400,peak
2401,strongly
2402,intense
2403,king
2404,another
2405,commander
2406,arrangement
2407,breakfast
2408,equally
2409,commission
2410,veteran
2411,smoke
2412,accomplish
2413,swing
2414,wire
2415,still
2416,usual
2417,recognition
2418,anger
2419,crucial
2420,construct
2421,race
2422,mood
2423,mystery
2424,designer
2425,disability
2426,luck
2427,other
2428,criteria
2429,concentrate
2430,smooth
2431,pan
2432,exception
2433,stop
2434,nervous
2435,personnel
2436,holy
2437,anxiety
2438,phenomenon
2439,constant
2440,so-called
2441,administrator
2442,electronic
2443,consideration
2444,publication
2445,protein
2446,silver
2447,bury
2448,ally
2449,command
2450,clinic
2451,pray
2452,watch
2453,exhibition
2454,supporter
2455,heavily
2456,retirement
2457,wet
2458,moon
2459,CEO
2460,pretty
2461,tower
2462,toy
2463,capable
2464,prisoner
2465,surely
2466,mayor
2467,tourist
2468,salary
2469,diversity
2470,shape
2471,pink
2472,stomach
2473,recipe
2474,elementary
2475,belt
2476,nearby
2477,observer
2478,terrorism
2479,essay
2480,junior
2481,onion
2482,confront
2483,birthday
2484,mm-hmm
2485,assist
2486,corn
2487,crop
2488,testing
2489,ie
2490,estimate
2491,recovery
2492,poem
2493,buck
2494,block
2495,strike
2496,reputation
2497,employment
2498,pure
2499,perfectly
2500,grandmother
2501,accompany
2502,flag
2503,origin
2504,consultant
2505,dig
2506,teenager
2507,rather
2508,fiber
2509,journey
2510,absence
2511,clinical
2512,fellow
2513,install
2514,wave
2515,preparation
2516,soon
2517,inner
2518,enterprise
2519,relative
2520,plant
2521,wooden
2522,coast
2523,historic
2524,quietly
2525,viewer
2526,straight
2527,smoke
2528,historian
2529,apparent
2530,assumption
2531,literally
2532,cheek
2533,professional
2534,supply
2535,permanent
2536,ingredient
2537,drawing
2538,substantial
2539,line
2540,tube
2541,snap
2542,arise
2543,cake
2544,resist
2545,jail
2546,occasionally
2547,incorporate
2548,alternative
2549,effectively
2550,darkness
2551,concert
2552,particular
2553,general
2554,provision
2555,due
2556,unlike
2557,pack
2558,like
2559,favor
2560,biological
2561,date
2562,conventional
2563,intention
2564,aggressive
2565,nevertheless
2566,embrace
2567,secure
2568,developing
2569,fifth
2570,utility
2571,suggestion
2572,yell
2573,reasonable
2574,pop
2575,beat
2576,sensitive
2577,bind
2578,brand
2579,rapidly
2580,extreme
2581,via
2582,roll
2583,weigh
2584,quit
2585,negotiate
2586,specialist
2587,constantly
2588,wage
2589,mail
2590,refugee
2591,count
2592,dealer
2593,channel
2594,deputy
2595,armed
2596,giant
2597,shell
2598,mechanism
2599,comment
2600,depth
2601,honest
2602,criticize
2603,mad
2604,flat
2605,pace
2606,speaker
2607,dream
2608,wealth
2609,schedule
2610,precisely
2611,award
2612,gear
2613,false
2614,hip
2615,assign
2616,cooperation
2617,mine
2618,restore
2619,literary
2620,approval
2621,barrier
2622,drop
2623,telescope
2624,index
2625,impression
2626,fast
2627,activist
2628,advise
2629,spokesman
2630,draft
2631,tournament
2632,chocolate
2633,testimony
2634,chemical
2635,spin
2636,paint
2637,ceiling
2638,whereas
2639,teen
2640,gang
2641,lawsuit
2642,highway
2643,yield
2644,killer
2645,valuable
2646,corporation
2647,classic
2648,stake
2649,advertising
2650,universal
2651,super
2652,pause
2653,routine
2654,constitutional
2655,advocate
2656,phrase
2657,button
2658,assure
2659,ultimate
2660,distant
2661,latter
2662,switch
2663,label
2664,graduate
2665,stupid
2666,heaven
2667,furniture
2668,pant
2669,satellite
2670,wipe
2671,sweep
2672,vacation
2673,bell
2674,normally
2675,infection
2676,taste
2677,clock
2678,drama
2679,fence
2680,resort
2681,found
2682,rough
2683,extraordinary
2684,destruction
2685,strategic
2686,minor
2687,tissue
2688,terror
2689,portrait
2690,survival
2691,pregnant
2692,elite
2693,interpret
2694,personally
2695,penalty
2696,disagree
2697,house
2698,wonder
2699,stranger
2700,external
2701,bake
2702,champion
2703,satisfaction
2704,rank
2705,gently
2706,bunch
2707,relevant
2708,dispute
2709,roughly
2710,bear
2711,similarly
2712,communicate
2713,apple
2714,stair
2715,counselor
2716,bottom
2717,terrorist
2718,cousin
2719,concentration
2720,ahead
2721,smell
2722,solar
2723,adviser
2724,mode
2725,virus
2726,incentive
2727,salad
2728,hunting
2729,broken
2730,senator
2731,profile
2732,statistics
2733,boundary
2734,bet
2735,clothing
2736,though
2737,genetic
2738,dirt
2739,representation
2740,imply
2741,advance
2742,wind
2743,burden
2744,expansion
2745,retain
2746,chamber
2747,match
2748,initially
2749,diverse
2750,awareness
2751,correspondent
2752,electric
2753,chemical
2754,blind
2755,string
2756,encounter
2757,shopping
2758,decline
2759,electricity
2760,constitute
2761,rice
2762,conservative
2763,process
2764,ceremony
2765,port
2766,lost
2767,pay
2768,reflection
2769,react
2770,unlikely
2771,slave
2772,chart
2773,odd
2774,journal
2775,cabinet
2776,testify
2777,accurate
2778,intellectual
2779,deck
2780,transfer
2781,assistant
2782,recommendation
2783,fortune
2784,white
2785,proceed
2786,overcome
2787,revolution
2788,characterize
2789,stick
2790,detect
2791,track
2792,occupy
2793,scenario
2794,prior
2795,translate
2796,framework
2797,bullet
2798,dialogue
2799,fiction
2800,rub
2801,treaty
2802,emission
2803,remarkable
2804,offense
2805,tremendous
2806,counter
2807,tongue
2808,bench
2809,deer
2810,ski
2811,honor
2812,market
2813,tight
2814,thirty
2815,shooting
2816,square
2817,advanced
2818,ideal
2819,comprehensive
2820,pale
2821,freeze
2822,sink
2823,aircraft
2824,insight
2825,DNA
2826,extensive
2827,founder
2828,mutual
2829,craft
2830,likely
2831,considerable
2832,strip
2833,balance
2834,innocent
2835,significance
2836,finance
2837,lover
2838,tire
2839,introduction
2840,possess
2841,profession
2842,oven
2843,garlic
2844,pole
2845,evolve
2846,defensive
2847,guarantee
2848,justify
2849,variation
2850,top
2851,pollution
2852,assistant
2853,newly
2854,potentially
2855,distinction
2856,fade
2857,presentation
2858,sudden
2859,mainly
2860,flow
2861,friendly
2862,establishment
2863,withdraw
2864,remote
2865,general
2866,swim
2867,pretend
2868,regularly
2869,surprising
2870,politically
2871,earnings
2872,delivery
2873,psychology
2874,raw
2875,complicated
2876,naturally
2877,loose
2878,not
2879,lifetime
2880,frequency
2881,squeeze
2882,tap
2883,singer
2884,crash
2885,mix
2886,worth
2887,differ
2888,platform
2889,relax
2890,working
2891,lie
2892,mask
2893,double
2894,protest
2895,joy
2896,dismiss
2897,galaxy
2898,leather
2899,violation
2900,spot
2901,headquarters
2902,favorite
2903,partly
2904,entrance
2905,attractive
2906,fault
2907,partnership
2908,dirty
2909,pride
2910,alter
2911,unknown
2912,funeral
2913,respect
2914,PC
2915,episode
2916,evolution
2917,controversy
2918,regardless
2919,assault
2920,tragedy
2921,limitation
2922,adventure
2923,palm
2924,honey
2925,grandfather
2926,originally
2927,convert
2928,adapt
2929,hold
2930,elderly
2931,stable
2932,composition
2933,target
2934,narrative
2935,buyer
2936,stress
2937,prominent
2938,license
2939,gifted
2940,radical
2941,vessel
2942,net
2943,imagination
2944,derive
2945,capability
2946,stability
2947,free
2948,porch
2949,storage
2950,shelter
2951,instance
2952,load
2953,vital
2954,shortly
2955,practice
2956,tribe
2957,segment
2958,dining
2959,poet
2960,hunter
2961,preference
2962,confident
2963,violate
2964,lawn
2965,athletic
2966,carbon
2967,easy
2968,properly
2969,mere
2970,proof
2971,round
2972,celebrity
2973,scared
2974,distribute
2975,appeal
2976,shelf
2977,gesture
2978,fifteen
2979,load
2980,OK
2981,examination
2982,ongoing
2983,can
2984,steady
2985,psychologist
2986,council
2987,shrug
2988,asleep
2989,shade
2990,comfort
2991,poetry
2992,tail
2993,nowhere
2994,tendency
2995,cholesterol
2996,economist
2997,given
2998,orientation
2999,tobacco
3000,exciting
3001,pile
3002,split
3003,neither
3004,musician
3005,chapter
3006,efficiency
3007,organic
3008,soup
3009,adolescent
3010,motivation
3011,wisdom
3012,discourse
3013,formation
3014,sustain
3015,obligation
3016,gradually
3017,besides
3018,agricultural
3019,guide
3020,fifty
3021,fate
3022,proportion
3023,flee
3024,slight
3025,calculate
3026,plot
3027,bombing
3028,depending
3029,ratio
3030,angle
3031,efficient
3032,fantasy
3033,ill
3034,store
3035,pipe
3036,math
3037,scheme
3038,rapid
3039,custom
3040,scandal
3041,vulnerable
3042,institutional
3043,blade
3044,terrorist
3045,admission
3046,doubt
3047,furthermore
3048,incredible
3049,fellow
3050,aide
3051,since
3052,crack
3053,loud
3054,divorce
3055,fabric
3056,survivor
3057,adjustment
3058,consume
3059,fighter
3060,scholarship
3061,mount
3062,guideline
3063,heel
3064,proposed
3065,relative
3066,publisher
3067,sufficient
3068,membership
3069,arrest
3070,meter
3071,rate
3072,menu
3073,fund
3074,glove
3075,reservation
3076,celebration
3077,infant
3078,rifle
3079,suspect
3080,provider
3081,satisfy
3082,uniform
3083,mall
3084,measurement
3085,witness
3086,downtown
3087,educate
3088,publicly
3089,maintenance
3090,cognitive
3091,damage
3092,sanction
3093,consumption
3094,myth
3095,strengthen
3096,explosion
3097,flavor
3098,dominant
3099,owe
3100,chef
3101,friendship
3102,briefly
3103,assert
3104,helpful
3105,scope
3106,taxpayer
3107,etc
3108,tent
3109,rid
3110,sigh
3111,lemon
3112,qualify
3113,wealthy
3114,resemble
3115,trick
3116,sequence
3117,trace
3118,cow
3119,dependent
3120,surprise
3121,mortgage
3122,quarterback
3123,versus
3124,detailed
3125,auto
3126,yours
3127,contest
3128,purchase
3129,in
3130,appointment
3131,helicopter
3132,punishment
3133,tennis
3134,float
3135,bite
3136,motor
3137,closer
3138,laboratory
3139,waste
3140,privacy
3141,Catholic
3142,cabin
3143,cope
3144,barrel
3145,nerve
3146,restriction
3147,workshop
3148,principal
3149,controversial
3150,instructor
3151,lifestyle
3152,offensive
3153,naked
3154,painful
3155,impress
3156,stroke
3157,hypothesis
3158,sophisticated
3159,assignment
3160,discrimination
3161,delay
3162,flesh
3163,horizon
3164,gaze
3165,conviction
3166,girlfriend
3167,undergo
3168,across
3169,pine
3170,manufacturing
3171,wander
3172,explode
3173,cluster
3174,brush
3175,sue
3176,subsequent
3177,desperate
3178,battery
3179,identification
3180,medication
3181,ah
3182,acid
3183,absorb
3184,economics
3185,inflation
3186,consciousness
3187,orange
3188,host
3189,modest
3190,prompt
3191,photographer
3192,curious
3193,handful
3194,cotton
3195,demonstration
3196,successfully
3197,depict
3198,flame
3199,valley
3200,nomination
3201,sense
3202,standing
3203,jet
3204,fly
3205,civilian
3206,distinct
3207,dry
3208,extension
3209,heritage
3210,habitat
3211,distinguish
3212,humor
3213,hungry
3214,badly
3215,powder
3216,edition
3217,twelve
3218,summit
3219,colonial
3220,eager
3221,shower
3222,absolute
3223,request
3224,nut
3225,comedy
3226,pitch
3227,win
3228,correlation
3229,complex
3230,garage
3231,function
3232,differently
3233,ghost
3234,romantic
3235,ethics
3236,transformation
3237,overlook
3238,legitimate
3239,appoint
3240,medium
3241,grain
3242,print
3243,submit
3244,okay
3245,brilliant
3246,province
3247,operating
3248,cookie
3249,suit
3250,temporary
3251,legacy
3252,exhibit
3253,boom
3254,serving
3255,mouse
3256,actress
3257,artistic
3258,invasion
3259,adequate
3260,wound
3261,cooking
3262,continued
3263,register
3264,counsel
3265,blanket
3266,collective
3267,competitor
3268,grant
3269,exceed
3270,norm
3271,uncle
3272,operator
3273,anticipate
3274,reinforce
3275,slice
3276,crack
3277,concerning
3278,lovely
3279,devote
3280,widespread
3281,basket
3282,counseling
3283,arrival
3284,awful
3285,rope
3286,permission
3287,weekly
3288,implementation
3289,decrease
3290,military
3291,risk
3292,venture
3293,fighting
3294,document
3295,headline
3296,running
3297,ugly
3298,frequent
3299,fitness
3300,lap
3301,carrier
3302,consensus
3303,ease
3304,intensity
3305,defendant
3306,attribute
3307,related
3308,ban
3309,moderate
3310,orange
3311,principal
3312,ballot
3313,worried
3314,swing
3315,soccer
3316,couch
3317,lung
3318,portray
3319,shore
3320,physics
3321,swear
3322,prescription
3323,nonetheless
3324,collapse
3325,patch
3326,painter
3327,dear
3328,borrow
3329,homeless
3330,inquiry
3331,questionnaire
3332,secondary
3333,highlight
3334,pet
3335,occupation
3336,virtue
3337,killing
3338,seize
3339,flour
3340,wise
3341,crash
3342,impressive
3343,peer
3344,odds
3345,captain
3346,slam
3347,brick
3348,everyday
3349,integrate
3350,repeatedly
3351,changing
3352,charity
3353,sin
3354,toe
3355,physically
3356,firm
3357,dare
3358,recruit
3359,tunnel
3360,pie
3361,laughter
3362,experimental
3363,sacred
3364,ethical
3365,grocery
3366,admire
3367,export
3368,rhythm
3369,frustration
3370,persuade
3371,modify
3372,continuous
3373,margin
3374,tactic
3375,medal
3376,correct
3377,rose
3378,shine
3379,miracle
3380,chase
3381,cool
3382,tight
3383,architect
3384,piano
3385,formula
3386,final
3387,gallery
3388,stem
3389,container
3390,sake
3391,alliance
3392,facilitate
3393,defeat
3394,pregnancy
3395,bare
3396,prosecution
3397,coal
3398,script
3399,makeup
3400,square
3401,administrative
3402,lightly
3403,effectiveness
3404,ritual
3405,receiver
3406,rank
3407,horror
3408,concrete
3409,acceptance
3410,grave
3411,resign
3412,recording
3413,compose
3414,salmon
3415,regulate
3416,criminal
3417,jeans
3418,integration
3419,corridor
3420,pitcher
3421,rail
3422,brush
3423,flash
3424,insect
3425,presidency
3426,hunt
3427,recession
3428,playoff
3429,rape
3430,abroad
3431,trading
3432,indigenous
3433,exclude
3434,high
3435,gentle
3436,interrupt
3437,boyfriend
3438,evident
3439,confusion
3440,mess
3441,clue
3442,online
3443,acceptable
3444,hurry
3445,excuse
3446,courage
3447,hallway
3448,indication
3449,dramatically
3450,surprisingly
3451,concern
3452,anniversary
3453,combat
3454,allegation
3455,developer
3456,reward
3457,legend
3458,sculpture
3459,inspector
3460,northwest
3461,park
3462,greatly
3463,cry
3464,logic
3465,exact
3466,domain
3467,bishop
3468,candy
3469,superior
3470,fold
3471,initiate
3472,pitch
3473,frankly
3474,pump
3475,log
3476,hostage
3477,retail
3478,closet
3479,organ
3480,medium
3481,swallow
3482,compound
3483,slope
3484,finance
3485,upset
3486,net
3487,fit
3488,beg
3489,sponsor
3490,pill
3491,elbow
3492,melt
3493,cold
3494,snake
3495,surgeon
3496,shop
3497,magic
3498,patient
3499,pleased
3500,excited
3501,ideology
3502,and/or
3503,echo
3504,classical
3505,unemployment
3506,hence
3507,estimated
3508,integrity
3509,suburban
3510,murder
3511,invent
3512,diagnosis
3513,remark
3514,architecture
3515,civilization
3516,rent
3517,drinking
3518,subtle
3519,midnight
3520,longtime
3521,beef
3522,last
3523,daily
3524,favor
3525,trunk
3526,collapse
3527,curve
3528,burst
3529,evil
3530,essence
3531,T-shirt
3532,legislative
3533,entitle
3534,leap
3535,written
3536,interior
3537,greet
3538,van
3539,favor
3540,bitter
3541,restrict
3542,monthly
3543,duck
3544,delay
3545,motivate
3546,behavioral
3547,theoretical
3548,pop
3549,lens
3550,drift
3551,pig
3552,reliable
3553,tip
3554,sandwich
3555,dose
3556,render
3557,cloth
3558,stretch
3559,herb
3560,lecture
3561,weakness
3562,march
3563,cave
3564,humanity
3565,bacteria
3566,nail
3567,airplane
3568,wrist
3569,suburb
3570,contend
3571,vitamin
3572,missing
3573,respectively
3574,bay
3575,cross
3576,suck
3577,curtain
3578,deadly
3579,southwest
3580,rat
3581,ownership
3582,fraud
3583,sixth
3584,mainstream
3585,array
3586,skirt
3587,monster
3588,rip
3589,laugh
3590,occasional
3591,enforce
3592,top
3593,excitement
3594,astronomer
3595,reverse
3596,plead
3597,pause
3598,companion
3599,administer
3600,amendment
3601,broadcast
3602,inspection
3603,drain
3604,forehead
3605,glance
3606,pen
3607,average
3608,consistently
3609,unlike
3610,outdoor
3611,innovation
3612,database
3613,harsh
3614,subject
3615,doctrine
3616,obstacle
3617,maximum
3618,encounter
3619,carbohydrate
3620,supervisor
3621,confuse
3622,chronic
3623,sweat
3624,crystal
3625,trap
3626,motive
3627,mud
3628,rumor
3629,limb
3630,wow
3631,plain
3632,strict
3633,minimum
3634,seemingly
3635,arena
3636,fiscal
3637,forgive
3638,sodium
3639,assemble
3640,prediction
3641,basement
3642,flood
3643,adoption
3644,reach
3645,trait
3646,towel
3647,warrior
3648,warm
3649,aim
3650,pond
3651,label
3652,lend
3653,infrastructure
3654,simultaneously
3655,temple
3656,convict
3657,speed
3658,tune
3659,particle
3660,privilege
3661,past
3662,wilderness
3663,doorway
3664,radiation
3665,format
3666,disk
3667,nightmare
3668,inevitable
3669,civilian
3670,monitor
3671,twist
3672,protest
3673,project
3674,structural
3675,retired
3676,response
3677,theology
3678,announcement
3679,boost
3680,commonly
3681,freshman
3682,walking
3683,pad
3684,continuing
3685,mechanical
3686,overwhelming
3687,unexpected
3688,transmission
3689,possession
3690,cattle
3691,primary
3692,colony
3693,conduct
3694,random
3695,horn
3696,complexity
3697,unity
3698,welcome
3699,spill
3700,railroad
3701,canvas
3702,wish
3703,belly
3704,slide
3705,technological
3706,consult
3707,virtual
3708,festival
3709,hers
3710,rhetoric
3711,notice
3712,undermine
3713,separation
3714,turkey
3715,currency
3716,guilt
3717,fork
3718,feedback
3719,replacement
3720,fist
3721,grip
3722,meaningful
3723,traditionally
3724,strain
3725,guitar
3726,weird
3727,peaceful
3728,mandate
3729,bat
3730,forty
3731,dump
3732,stuff
3733,engagement
3734,execute
3735,blue
3736,uncertainty
3737,govern
3738,sidewalk
3739,uncomfortable
3740,award
3741,dancer
3742,portfolio
3743,pension
3744,guard
3745,thumb
3746,landing
3747,grace
3748,contractor
3749,alarm
3750,trigger
3751,beam
3752,harm
3753,outer
3754,research
3755,lock
3756,grateful
3757,crawl
3758,shuttle
3759,southeast
3760,thereby
3761,endure
3762,reserve
3763,finish
3764,chin
3765,injure
3766,indicator
3767,accommodate
3768,huh
3769,survey
3770,lobby
3771,abuse
3772,await
3773,click
3774,behave
3775,nearby
3776,loud
3777,horrible
3778,elevator
3779,convey
3780,rebel
3781,prize
3782,republic
3783,corruption
3784,compensation
3785,handsome
3786,spouse
3787,closed
3788,juror
3789,short
3790,starter
3791,softly
3792,apologize
3793,counterpart
3794,nonprofit
3795,hug
3796,profound
3797,frozen
3798,rebuild
3799,compromise
3800,fluid
3801,hesitate
3802,scatter
3803,metaphor
3804,endless
3805,rush
3806,desire
3807,chop
3808,bounce
3809,rider
3810,oral
3811,liberty
3812,detective
3813,driving
3814,provided
3815,historically
3816,pleasant
3817,noon
3818,transaction
3819,promotion
3820,pickup
3821,residential
3822,magic
3823,exclusive
3824,guidance
3825,ankle
3826,matter
3827,convinced
3828,excuse
3829,bias
3830,wherever
3831,hook
3832,praise
3833,needle
3834,intelligent
3835,equation
3836,enthusiasm
3837,scare
3838,wildlife
3839,invisible
3840,relieve
3841,prevention
3842,doll
3843,signature
3844,sunlight
3845,shame
3846,electrical
3847,timing
3848,acquisition
3849,genuine
3850,traveler
3851,exit
3852,residence
3853,delicate
3854,opera
3855,exhibit
3856,blow
3857,accounting
3858,slice
3859,chaos
3860,carve
3861,exploration
3862,lamp
3863,attraction
3864,equity
3865,entity
3866,flip
3867,regulatory
3868,ship
3869,amid
3870,realm
3871,pastor
3872,diagnose
3873,parental
3874,identical
3875,resume
3876,grin
3877,envelope
3878,blend
3879,clerk
3880,donor
3881,gym
3882,suspend
3883,verbal
3884,dedicate
3885,overall
3886,jazz
3887,processing
3888,expertise
3889,sum
3890,spectrum
3891,purple
3892,judicial
3893,mild
3894,precise
3895,candle
3896,advocate
3897,laser
3898,kiss
3899,diplomatic
3900,oxygen
3901,businessman
3902,firmly
3903,suspicion
3904,rescue
3905,reporting
3906,peel
3907,dynamic
3908,signal
3909,determination
3910,therapist
3911,endorse
3912,abstract
3913,bite
3914,vanish
3915,conscious
3916,bath
3917,altogether
3918,minimize
3919,nominee
3920,alien
3921,pit
3922,pizza
3923,silk
3924,recipient
3925,pillow
3926,banking
3927,starting
3928,magnitude
3929,content
3930,picture
3931,giant
3932,handle
3933,anxious
3934,rescue
3935,inventory
3936,repair
3937,civic
3938,photography
3939,dynamics
3940,stumble
3941,promising
3942,diabetes
3943,necessity
3944,pursuit
3945,ban
3946,poster
3947,shared
3948,eating
3949,servant
3950,frame
3951,divine
3952,statue
3953,enroll
3954,reliability
3955,sink
3956,trail
3957,evil
3958,undertake
3959,output
3960,destination
3961,wrong
3962,happiness
3963,teenage
3964,sword
3965,addition
3966,racism
3967,program
3968,slap
3969,instructional
3970,tender
3971,parade
3972,departure
3973,representative
3974,productive
3975,age
3976,input
3977,gravity
3978,value
3979,tribal
3980,fool
3981,hopefully
3982,angel
3983,stadium
3984,collector
3985,elegant
3986,steep
3987,o'clock
3988,sharply
3989,readily
3990,punish
3991,suffering
3992,inside
3993,decent
3994,bid
3995,touchdown
3996,debate
3997,hint
3998,hardware
3999,ruling
4000,casual
4001,full-time
4002,import
4003,accuracy
4004,feel
4005,toilet
4006,bold
4007,garbage
4008,cancel
4009,deadline
4010,interior
4011,dawn
4012,broker
4013,annually
4014,whale
4015,jaw
4016,isolate
4017,practically
4018,assembly
4019,kit
4020,rear
4021,generous
4022,reception
4023,performer
4024,prohibit
4025,descend
4026,strip
4027,collaboration
4028,tune
4029,revolutionary
4030,faint
4031,coastal
4032,intent
4033,scan
4034,rage
4035,diminish
4036,lonely
4037,pro
4038,cook
4039,scary
4040,volunteer
4041,silly
4042,offering
4043,tuck
4044,reluctant
4045,statute
4046,popularity
4047,quantity
4048,automobile
4049,mathematics
4050,automatically
4051,cart
4052,confess
4053,worry
4054,elder
4055,outstanding
4056,hook
4057,bow
4058,ideological
4059,hidden
4060,realistic
4061,barn
4062,switch
4063,shortage
4064,liability
4065,oversee
4066,courtroom
4067,senior
4068,pump
4069,cooperate
4070,vaccine
4071,ranch
4072,symbolic
4073,associated
4074,circuit
4075,diamond
4076,credibility
4077,flash
4078,functional
4079,repair
4080,artificial
4081,continent
4082,self-esteem
4083,homeland
4084,disappointed
4085,rocket
4086,improved
4087,prior
4088,inmate
4089,wolf
4090,precious
4091,trailer
4092,stem
4093,romance
4094,dilemma
4095,tide
4096,stiff
4097,lately
4098,gasoline
4099,ridiculous
4100,trap
4101,mate
4102,bankruptcy
4103,spring
4104,command
4105,spread
4106,monument
4107,rack
4108,toxic
4109,gathering
4110,cooperative
4111,practitioner
4112,burning
4113,drawer
4114,regard
4115,aunt
4116,seal
4117,clip
4118,respect
4119,sentiment
4120,alleged
4121,carpet
4122,productivity
4123,heat
4124,treasure
4125,aesthetic
4126,tackle
4127,tightly
4128,extended
4129,reserve
4130,statistical
4131,shrimp
4132,wake
4133,withdrawal
4134,cage
4135,agriculture
4136,voting
4137,quest
4138,credit
4139,utilize
4140,donate
4141,queen
4142,way
4143,loyalty
4144,sacrifice
4145,grief
4146,dignity
4147,inspiration
4148,talented
4149,automatic
4150,wagon
4151,thigh
4152,teammate
4153,bubble
4154,please
4155,cab
4156,secular
4157,post
4158,buddy
4159,seal
4160,nest
4161,bug
4162,lane
4163,specialize
4164,patience
4165,bonus
4166,ancestor
4167,verdict
4168,sail
4169,seventh
4170,bloody
4171,shallow
4172,genius
4173,protective
4174,northeast
4175,refrigerator
4176,combined
4177,shock
4178,immune
4179,orbit
4180,accent
4181,conceive
4182,mysterious
4183,calm
4184,coordinator
4185,instantly
4186,merchant
4187,rock
4188,tropical
4189,aluminum
4190,consequently
4191,officially
4192,willingness
4193,invitation
4194,mushroom
4195,creativity
4196,organizational
4197,glory
4198,ecological
4199,casualty
4200,earthquake
4201,hurricane
4202,equip
4203,tumor
4204,steam
4205,drum
4206,breeze
4207,ours
4208,condemn
4209,opposed
4210,workout
4211,optimistic
4212,web
4213,cartoon
4214,haul
4215,validity
4216,exchange
4217,waist
4218,unite
4219,progressive
4220,perceived
4221,thoroughly
4222,patrol
4223,defeat
4224,gaze
4225,catch
4226,rent
4227,escape
4228,grasp
4229,terrific
4230,afterward
4231,costume
4232,bull
4233,trace
4234,bee
4235,underlying
4236,spite
4237,jewelry
4238,biology
4239,runner
4240,franchise
4241,neutral
4242,star
4243,mixed
4244,shove
4245,documentary
4246,sheep
4247,hostile
4248,fisherman
4249,skull
4250,flexible
4251,bush
4252,concede
4253,commissioner
4254,revelation
4255,near
4256,dough
4257,bless
4258,position
4259,dessert
4260,jar
4261,execution
4262,root
4263,spectacular
4264,placement
4265,sock
4266,upstairs
4267,damn
4268,empire
4269,ruin
4270,translation
4271,conspiracy
4272,pork
4273,comprise
4274,whip
4275,developmental
4276,isolation
4277,whoever
4278,ministry
4279,interact
4280,eleven
4281,consent
4282,entrepreneur
4283,foster
4284,subsidy
4285,alley
4286,draft
4287,actively
4288,fascinating
4289,hormone
4290,quote
4291,seat
4292,aggression
4293,stimulus
4294,ecosystem
4295,eyebrow
4296,filter
4297,organism
4298,sheer
4299,casino
4300,helmet
4301,bureau
4302,besides
4303,spoon
4304,booth
4305,workplace
4306,exotic
4307,boil
4308,coup
4309,discourage
4310,exam
4311,minimal
4312,loop
4313,hockey
4314,alongside
4315,shark
4316,influential
4317,purse
4318,blink
4319,manipulate
4320,edit
4321,syndrome
4322,dissolve
4323,uh
4324,puzzle
4325,metropolitan
4326,flexibility
4327,expected
4328,intimate
4329,incredibly
4330,secure
4331,costly
4332,conservation
4333,instruct
4334,cliff
4335,hike
4336,constitution
4337,dried
4338,ease
4339,demographic
4340,sibling
4341,pro
4342,near
4343,rabbit
4344,mechanic
4345,cute
4346,jump
4347,panic
4348,divorce
4349,donation
4350,stove
4351,instinct
4352,lion
4353,cord
4354,punch
4355,gut
4356,insert
4357,migration
4358,rolling
4359,pasta
4360,scramble
4361,appreciation
4362,beast
4363,scent
4364,sympathy
4365,fixed
4366,ambitious
4367,density
4368,presumably
4369,tragic
4370,supplier
4371,elephant
4372,illusion
4373,experienced
4374,protocol
4375,icon
4376,royal
4377,legislature
4378,patent
4379,access
4380,robot
4381,tray
4382,persist
4383,charter
4384,cast
4385,rival
4386,spray
4387,well-being
4388,pin
4389,short-term
4390,decorate
4391,columnist
4392,texture
4393,pulse
4394,debut
4395,crush
4396,sensitivity
4397,accomplishment
4398,ideal
4399,fortunately
4400,compliance
4401,dam
4402,textbook
4403,pat
4404,accessible
4405,classify
4406,attendance
4407,ambition
4408,bicycle
4409,safely
4410,custody
4411,upset
4412,required
4413,conception
4414,soap
4415,disabled
4416,uncertain
4417,vertical
4418,anonymous
4419,liquid
4420,coin
4421,diary
4422,grin
4423,emerging
4424,constraint
4425,rational
4426,oak
4427,installation
4428,pencil
4429,equivalent
4430,banker
4431,informal
4432,catalog
4433,model
4434,innovative
4435,genre
4436,retailer
4437,momentum
4438,reportedly
4439,object
4440,exploit
4441,preliminary
4442,passing
4443,frown
4444,stimulate
4445,frontier
4446,charge
4447,known
4448,backyard
4449,spell
4450,correctly
4451,notebook
4452,sensation
4453,partially
4454,harassment
4455,processor
4456,sphere
4457,sack
4458,trauma
4459,disclose
4460,fever
4461,terrain
4462,tolerate
4463,encouraging
4464,minimum
4465,associate
4466,associate
4467,outline
4468,stack
4469,sleeve
4470,exclusively
4471,outfit
4472,autonomy
4473,ambassador
4474,trainer
4475,equality
4476,aisle
4477,grandchild
4478,surrounding
4479,streak
4480,likewise
4481,cheat
4482,irony
4483,eighth
4484,socially
4485,stance
4486,trash
4487,harm
4488,sort
4489,discount
4490,shy
4491,awake
4492,gross
4493,bet
4494,unprecedented
4495,breathing
4496,heal
4497,planner
4498,dot
4499,mentally
4500,case
4501,collar
4502,likelihood
4503,rod
4504,mortality
4505,well-known
4506,fleet
4507,worldwide
4508,stay
4509,sprinkle
4510,colorful
4511,artifact
4512,intellectual
4513,shed
4514,instant
4515,confrontation
4516,mill
4517,midst
4518,mineral
4519,mentor
4520,pioneer
4521,instant
4522,lawmaker
4523,mutter
4524,someday
4525,feather
4526,shareholder
4527,alike
4528,tag
4529,swimming
4530,boast
4531,philosophical
4532,wheat
4533,compel
4534,behalf
4535,vocal
4536,parish
4537,counter
4538,distract
4539,ladder
4540,builder
4541,feminist
4542,carrot
4543,proclaim
4544,partial
4545,slavery
4546,interfere
4547,similarity
4548,interval
4549,desperately
4550,speculation
4551,monkey
4552,uncover
4553,premise
4554,halfway
4555,jungle
4556,jurisdiction
4557,outsider
4558,sneak
4559,journalism
4560,theological
4561,undergraduate
4562,nasty
4563,chunk
4564,reminder
4565,high-tech
4566,cease
4567,major
4568,cling
4569,liberal
4570,reward
4571,aid
4572,rim
4573,chill
4574,kingdom
4575,deploy
4576,lightning
4577,merit
4578,wheelchair
4579,chew
4580,tighten
4581,dip
4582,supportive
4583,hay
4584,wound
4585,commodity
4586,unfair
4587,invade
4588,marketplace
4589,yield
4590,ash
4591,logical
4592,weed
4593,sacrifice
4594,weaken
4595,deem
4596,skip
4597,excessive
4598,risky
4599,curiosity
4600,scratch
4601,embarrassed
4602,conversion
4603,fierce
4604,specialty
4605,sponsor
4606,listener
4607,auction
4608,envision
4609,rally
4610,shrink
4611,added
4612,bride
4613,pile
4614,peasant
4615,peanut
4616,citizenship
4617,comparable
4618,rain
4619,steak
4620,legislator
4621,no
4622,toll
4623,blank
4624,cemetery
4625,atop
4626,calculation
4627,joke
4628,poke
4629,glimpse
4630,inherit
4631,openly
4632,two-thirds
4633,lid
4634,publicity
4635,rehabilitation
4636,depressed
4637,vendor
4638,sovereignty
4639,faster
4640,municipal
4641,sole
4642,strictly
4643,disturb
4644,flood
4645,eligible
4646,beard
4647,brake
4648,squad
4649,availability
4650,this
4651,striking
4652,tolerance
4653,valid
4654,programming
4655,closest
4656,refuge
4657,dying
4658,voluntary
4659,part
4660,sofa
4661,outlet
4662,deposit
4663,spare
4664,debris
4665,plunge
4666,butt
4667,threshold
4668,removal
4669,dumb
4670,balanced
4671,fame
4672,legally
4673,downtown
4674,isolated
4675,considerably
4676,regret
4677,blond
4678,thrive
4679,consecutive
4680,cure
4681,expedition
4682,kneel
4683,fur
4684,color
4685,disappointment
4686,regulator
4687,explicit
4688,hunger
4689,goat
4690,driveway
4691,banana
4692,light
4693,twentieth
4694,solely
4695,integrated
4696,steer
4697,comply
4698,supposedly
4699,allegedly
4700,molecule
4701,cure
4702,cheer
4703,enact
4704,missionary
4705,strain
4706,cruise
4707,tourism
4708,nutrient
4709,unfold
4710,inevitably
4711,forum
4712,offender
4713,liver
4714,suspicious
4715,harmony
4716,accountability
4717,screening
4718,disc
4719,circle
4720,predator
4721,sweater
4722,supermarket
4723,deliberately
4724,warmth
4725,specify
4726,magnetic
4727,distinctive
4728,ha
4729,opt
4730,level
4731,fare
4732,neat
4733,rental
4734,any
4735,straighten
4736,intact
4737,formerly
4738,articulate
4739,elaborate
4740,palace
4741,soar
4742,substantially
4743,thread
4744,mobile
4745,sustainable
4746,inherent
4747,triumph
4748,plain
4749,transport
4750,grandparent
4751,landmark
4752,patron
4753,happily
4754,cottage
4755,pound
4756,bulk
4757,favorable
4758,compromise
4759,emotionally
4760,suite
4761,grape
4762,conscience
4763,selected
4764,fraction
4765,transport
4766,veteran
4767,plaintiff
4768,widow
4769,calm
4770,fragment
4771,impulse
4772,permit
4773,summary
4774,straw
4775,republican
4776,bow
4777,suitable
4778,remark
4779,projection
4780,clay
4781,spit
4782,drill
4783,premium
4784,policeman
4785,objection
4786,bomb
4787,running
4788,routinely
4789,fantastic
4790,till
4791,liquid
4792,regard
4793,pistol
4794,calendar
4795,headache
4796,round
4797,dancing
4798,blast
4799,battle
4800,ego
4801,mansion
4802,bucket
4803,arm
4804,ridge
4805,update
4806,transit
4807,blessing
4808,radar
4809,graduation
4810,apart
4811,fatigue
4812,privately
4813,invention
4814,sudden
4815,one-third
4816,marble
4817,authorize
4818,arrow
4819,prevail
4820,denial
4821,guarantee
4822,exhaust
4823,riot
4824,old-fashioned
4825,tile
4826,crowded
4827,brutal
4828,chemistry
4829,rubber
4830,balloon
4831,soak
4832,cue
4833,fog
4834,diplomat
4835,youngster
4836,fish
4837,coming
4838,dock
4839,trouble
4840,overnight
4841,economically
4842,forbid
4843,globe
4844,unhappy
4845,ribbon
4846,hazard
4847,charm
4848,bulb
4849,marker
4850,accurately
4851,ironically
4852,marine
4853,sensor
4854,coordinate
4855,timber
4856,shorts
4857,bolt
4858,broadcast
4859,mention
4860,defender
4861,retreat
4862,surveillance
4863,slot
4864,importantly
4865,cruel
4866,managing
4867,fragile
4868,harvest
4869,swell
4870,bronze
4871,transmit
4872,sunny
4873,electronics
4874,trim
4875,soften
4876,spine
4877,stereotype
4878,seminar
4879,nationwide
4880,drown
4881,terribly
4882,kid
4883,homework
4884,worldwide
4885,leave
4886,freely
4887,steadily
4888,within
4889,contributor
4890,crowd
4891,seller
4892,neighboring
4893,lighting
4894,launch
4895,screen
4896,till
4897,spy
4898,foreigner
4899,confession
4900,spark
4901,loyal
4902,harvest
4903,preach
4904,provoke
4905,laundry
4906,brave
4907,dense
4908,twist
4909,flying
4910,devastating
4911,devil
4912,technician
4913,skilled
4914,honestly
4915,regain
4916,manual
4917,delight
4918,beyond
4919,depart
4920,severely
4921,butterfly
4922,vacuum
4923,contemplate
4924,middle-class
4925,low
4926,meantime
4927,warehouse
4928,biography
4929,weave
4930,speculate
4931,organized
4932,epidemic
4933,seldom
4934,photograph
4935,plea
4936,compelling
4937,troubled
4938,cargo
4939,disturbing
4940,naval
4941,accusation
4942,overwhelm
4943,convenience
4944,apology
4945,copy
4946,sometime
4947,dictate
4948,frustrate
4949,accelerate
4950,boring
4951,praise
4952,public
4953,fatal
